ticker,rows,start,end,zero_volume,sector,subsector
AADI,391,2024-12-05,2026-07-31,4,Energi,"Minyak, Gas & Batu Bara"
AALI,1235,2021-06-16,2026-07-31,4,Barang Konsumen Primer,Makanan & Minuman
ABBA,1235,2021-06-16,2026-07-31,34,Barang Konsumen Non-Primer,Media & Hiburan
ABDA,1235,2021-06-16,2026-07-31,878,Keuangan,Asuransi
ABMM,1235,2021-06-16,2026-07-31,4,Energi,"Minyak, Gas & Batu Bara"
ACES,1235,2021-06-16,2026-07-31,4,Barang Konsumen Non-Primer,Perdagangan Ritel
ACRO,605,2024-01-11,2026-07-31,7,Barang Konsumen Non-Primer,Pakaian & Barang Mewah
ACST,1235,2021-06-16,2026-07-31,5,Infrastruktur,Konstruksi Bangunan
ADCP,1062,2022-02-23,2026-07-31,46,Properti & Real Estat,Properti & Real Estat
ADES,1235,2021-06-16,2026-07-31,5,Barang Konsumen Primer,Makanan & Minuman
ADHI,1235,2021-06-16,2026-07-31,4,Infrastruktur,Konstruksi Bangunan
ADMF,1235,2021-06-16,2026-07-31,4,Keuangan,Jasa Pembiayaan
ADMG,1235,2021-06-16,2026-07-31,4,Barang Baku,Barang Baku
ADMR,1097,2022-01-03,2026-07-31,12,Energi,"Minyak, Gas & Batu Bara"
ADRO,1235,2021-06-16,2026-07-31,4,Energi,"Minyak, Gas & Batu Bara"
AEGS,689,2023-09-11,2026-07-31,7,Barang Konsumen Non-Primer,Otomotif & Komponen Otomotif
AGAR,1235,2021-06-16,2026-07-31,126,Barang Konsumen Primer,Makanan & Minuman
AGII,1235,2021-06-16,2026-07-31,17,Barang Baku,Barang Baku
AGRO,1235,2021-06-16,2026-07-31,4,Keuangan,Bank
AGRS,1235,2021-06-16,2026-07-31,4,Keuangan,Bank
AHAP,1235,2021-06-16,2026-07-31,11,Keuangan,Asuransi
AIMS,1235,2021-06-16,2026-07-31,25,Energi,"Minyak, Gas & Batu Bara"
AISA,1235,2021-06-16,2026-07-31,4,Barang Konsumen Primer,Makanan & Minuman
AKKU,1238,2021-06-16,2026-07-31,237,Barang Konsumen Non-Primer,Jasa Konsumen
AKPI,1235,2021-06-16,2026-07-31,12,Barang Baku,Barang Baku
AKRA,1235,2021-06-16,2026-07-31,5,Energi,"Minyak, Gas & Batu Bara"
AKSI,1235,2021-06-16,2026-07-31,15,Transportasi & Logistik,Logistik & Pengantaran
ALDO,1235,2021-06-16,2026-07-31,5,Barang Baku,Barang Baku
ALII,586,2024-02-07,2026-07-31,13,Energi,"Minyak, Gas & Batu Bara"
ALKA,1235,2021-06-16,2026-07-31,11,Barang Baku,Barang Baku
ALMI,1238,2021-06-16,2026-07-31,430,Barang Baku,Barang Baku
ALTO,1238,2021-06-16,2026-07-31,286,Barang Konsumen Primer,Makanan & Minuman
AMAG,1235,2021-06-16,2026-07-31,4,Keuangan,Asuransi
AMAN,1235,2021-06-16,2026-07-31,5,Properti & Real Estat,Properti & Real Estat
AMAR,1235,2021-06-16,2026-07-31,4,Keuangan,Bank
AMFG,1235,2021-06-16,2026-07-31,20,Perindustrian,Barang Perindustrian
AMIN,1235,2021-06-16,2026-07-31,6,Perindustrian,Barang Perindustrian
AMMN,733,2023-07-07,2026-07-31,7,Barang Baku,Barang Baku
AMMS,957,2022-08-04,2026-07-31,34,Barang Konsumen Primer,Makanan & Minuman
AMOR,1235,2021-06-16,2026-07-31,21,Keuangan,Jasa Investasi
AMRT,1235,2021-06-16,2026-07-31,4,Barang Konsumen Primer,Perdagangan Ritel Barang Primer
ANDI,1235,2021-06-16,2026-07-31,42,Barang Konsumen Primer,Makanan & Minuman
ANJT,1235,2021-06-16,2026-07-31,4,Barang Konsumen Primer,Makanan & Minuman
ANTM,1235,2021-06-16,2026-07-31,4,Barang Baku,Barang Baku
APEX,1235,2021-06-16,2026-07-31,6,Energi,"Minyak, Gas & Batu Bara"
APIC,1235,2021-06-16,2026-07-31,4,Keuangan,Perusahaan Holding & Investasi
APII,1235,2021-06-16,2026-07-31,13,Perindustrian,Barang Perindustrian
APLI,1235,2021-06-16,2026-07-31,66,Barang Baku,Barang Baku
APLN,1235,2021-06-16,2026-07-31,4,Properti & Real Estat,Properti & Real Estat
ARCI,1227,2021-06-28,2026-07-31,12,Barang Baku,Barang Baku
AREA,554,2024-04-01,2026-07-31,13,Teknologi,Perangkat Lunak & Jasa TI
ARGO,1235,2021-06-16,2026-07-31,546,Barang Konsumen Non-Primer,Pakaian & Barang Mewah
ARII,1235,2021-06-16,2026-07-31,4,Energi,"Minyak, Gas & Batu Bara"
ARKA,1235,2021-06-16,2026-07-31,31,Perindustrian,Barang Perindustrian
ARKO,976,2022-07-08,2026-07-31,28,Infrastruktur,Utilitas
ARMY,1,2026-07-17,2026-07-17,1,Properti & Real Estat,Properti & Real Estat
ARNA,1235,2021-06-16,2026-07-31,5,Perindustrian,Barang Perindustrian
ARTA,1235,2021-06-16,2026-07-31,108,Barang Konsumen Non-Primer,Jasa Konsumen
ARTI,1238,2021-06-16,2026-07-31,989,Energi,"Minyak, Gas & Batu Bara"
ARTO,1235,2021-06-16,2026-07-31,4,Keuangan,Bank
ASBI,1235,2021-06-16,2026-07-31,84,Keuangan,Asuransi
ASDM,1235,2021-06-16,2026-07-31,11,Keuangan,Asuransi
ASGR,1235,2021-06-16,2026-07-31,4,Perindustrian,Jasa Perindustrian
ASHA,1005,2022-05-27,2026-07-31,8,Barang Konsumen Primer,Makanan & Minuman
ASII,1235,2021-06-16,2026-07-31,4,Perindustrian,Perusahaan Holding Multi Sektor
ASJT,1235,2021-06-16,2026-07-31,7,Keuangan,Asuransi
ASLC,1081,2022-01-25,2026-07-31,9,Barang Konsumen Non-Primer,Perdagangan Ritel
ASLI,609,2024-01-05,2026-07-31,67,Infrastruktur,Konstruksi Bangunan
ASMI,1235,2021-06-16,2026-07-31,33,Keuangan,Asuransi
ASPI,1235,2021-06-16,2026-07-31,33,Properti & Real Estat,Properti & Real Estat
ASPR,261,2025-07-08,2026-07-31,12,Barang Baku,Barang Baku
ASRI,1235,2021-06-16,2026-07-31,4,Properti & Real Estat,Properti & Real Estat
ASRM,1235,2021-06-16,2026-07-31,238,Keuangan,Asuransi
ASSA,1235,2021-06-16,2026-07-31,4,Transportasi & Logistik,Transportasi
ATAP,1235,2021-06-16,2026-07-31,39,Properti & Real Estat,Properti & Real Estat
ATIC,1235,2021-06-16,2026-07-31,10,Teknologi,Perangkat Lunak & Jasa TI
ATLA,549,2024-04-16,2026-07-31,5,Energi,"Minyak, Gas & Batu Bara"
AUTO,1235,2021-06-16,2026-07-31,4,Barang Konsumen Non-Primer,Otomotif & Komponen Otomotif
AVIA,1114,2021-12-08,2026-07-31,8,Barang Baku,Barang Baku
AWAN,779,2023-04-18,2026-07-31,7,Teknologi,Perangkat Lunak & Jasa TI
AXIO,968,2022-07-20,2026-07-31,7,Teknologi,Perangkat Keras & Peralatan Teknologi
AYAM,632,2023-11-30,2026-07-31,16,Barang Konsumen Primer,Makanan & Minuman
AYLS,1235,2021-06-16,2026-07-31,66,Barang Baku,Barang Baku
BABP,1235,2021-06-16,2026-07-31,4,Keuangan,Bank
BABY,691,2023-09-07,2026-07-31,7,Barang Konsumen Non-Primer,Perdagangan Ritel
BACA,1235,2021-06-16,2026-07-31,4,Keuangan,Bank
BAIK,584,2024-02-15,2026-07-31,23,Barang Konsumen Non-Primer,Jasa Konsumen
BAJA,1235,2021-06-16,2026-07-31,4,Barang Baku,Barang Baku
BALI,1235,2021-06-16,2026-07-31,10,Infrastruktur,Telekomunikasi
BANK,1235,2021-06-16,2026-07-31,7,Keuangan,Bank
BAPA,1238,2021-06-16,2026-07-31,56,Properti & Real Estat,Properti & Real Estat
BAPI,1235,2021-06-16,2026-07-31,313,Properti & Real Estat,Properti & Real Estat
BATA,1235,2021-06-16,2026-07-31,270,Barang Konsumen Non-Primer,Pakaian & Barang Mewah
BATR,515,2024-06-10,2026-07-31,4,Barang Baku,Barang Baku
BAUT,1078,2022-01-28,2026-07-31,7,Barang Konsumen Non-Primer,Perdagangan Ritel
BAYU,1235,2021-06-16,2026-07-31,99,Barang Konsumen Non-Primer,Jasa Konsumen
BBCA,1235,2021-06-16,2026-07-31,4,Keuangan,Bank
BBHI,1235,2021-06-16,2026-07-31,4,Keuangan,Bank
BBKP,1235,2021-06-16,2026-07-31,4,Keuangan,Bank
BBLD,1235,2021-06-16,2026-07-31,65,Keuangan,Jasa Pembiayaan
BBMD,1236,2021-06-16,2026-07-31,337,Keuangan,Bank
BBNI,1235,2021-06-16,2026-07-31,4,Keuangan,Bank
BBRI,1235,2021-06-16,2026-07-31,4,Keuangan,Bank
BBRM,1235,2021-06-16,2026-07-31,11,Energi,"Minyak, Gas & Batu Bara"
BBSI,1235,2021-06-16,2026-07-31,96,Keuangan,Bank
BBSS,1235,2021-06-16,2026-07-31,6,Properti & Real Estat,Properti & Real Estat
BBTN,1235,2021-06-16,2026-07-31,4,Keuangan,Bank
BBYB,1235,2021-06-16,2026-07-31,5,Keuangan,Bank
BCAP,1235,2021-06-16,2026-07-31,9,Keuangan,Perusahaan Holding & Investasi
BCIC,1235,2021-06-16,2026-07-31,198,Keuangan,Bank
BCIP,1235,2021-06-16,2026-07-31,4,Properti & Real Estat,Properti & Real Estat
BDKR,808,2023-03-03,2026-07-31,8,Infrastruktur,Konstruksi Bangunan
BDMN,1235,2021-06-16,2026-07-31,4,Keuangan,Bank
BEBS,1238,2021-06-16,2026-07-31,425,Barang Baku,Barang Baku
BEEF,1235,2021-06-16,2026-07-31,11,Barang Konsumen Primer,Makanan & Minuman
BEER,847,2023-01-06,2026-07-31,7,Barang Konsumen Primer,Makanan & Minuman
BEKS,1235,2021-06-16,2026-07-31,4,Keuangan,Bank
BELI,890,2022-11-08,2026-07-31,7,Teknologi,Perangkat Lunak & Jasa TI
BELL,1235,2021-06-16,2026-07-31,24,Barang Konsumen Non-Primer,Pakaian & Barang Mewah
BESS,1235,2021-06-16,2026-07-31,12,Energi,"Minyak, Gas & Batu Bara"
BEST,1235,2021-06-16,2026-07-31,4,Properti & Real Estat,Properti & Real Estat
BFIN,1235,2021-06-16,2026-07-31,4,Keuangan,Jasa Pembiayaan
BGTG,1235,2021-06-16,2026-07-31,4,Keuangan,Bank
BHAT,1235,2021-06-16,2026-07-31,137,Keuangan,Asuransi
BHIT,1235,2021-06-16,2026-07-31,5,Perindustrian,Perusahaan Holding Multi Sektor
BIKA,1238,2021-06-16,2026-07-31,532,Properti & Real Estat,Properti & Real Estat
BIKE,1048,2022-03-21,2026-07-31,70,Barang Konsumen Non-Primer,Barang Rekreasi
BIMA,1238,2021-06-16,2026-07-31,170,Barang Konsumen Non-Primer,Pakaian & Barang Mewah
BINA,1235,2021-06-16,2026-07-31,12,Keuangan,Bank
BINO,1123,2021-11-25,2026-07-31,7,Perindustrian,Jasa Perindustrian
BIPI,1235,2021-06-16,2026-07-31,50,Energi,"Minyak, Gas & Batu Bara"
BIPP,1235,2021-06-16,2026-07-31,78,Properti & Real Estat,Properti & Real Estat
BIRD,1235,2021-06-16,2026-07-31,4,Transportasi & Logistik,Transportasi
BISI,1235,2021-06-16,2026-07-31,4,Barang Konsumen Primer,Makanan & Minuman
BJBR,1235,2021-06-16,2026-07-31,4,Keuangan,Bank
BJTM,1234,2021-06-16,2026-07-30,4,Keuangan,Bank
BKDP,1237,2021-06-16,2026-07-31,77,Properti & Real Estat,Properti & Real Estat
BKSL,1235,2021-06-16,2026-07-31,237,Properti & Real Estat,Properti & Real Estat
BKSW,1235,2021-06-16,2026-07-31,4,Keuangan,Bank
BLES,497,2024-07-08,2026-07-31,14,Barang Baku,Barang Baku
BLOG,259,2025-07-10,2026-07-31,4,Transportasi & Logistik,Logistik & Pengantaran
BLTA,1235,2021-06-16,2026-07-31,40,Transportasi & Logistik,Logistik & Pengantaran
BLTZ,1236,2021-06-16,2026-07-31,439,Barang Konsumen Non-Primer,Jasa Konsumen
BLUE,1235,2021-06-16,2026-07-31,22,Perindustrian,Jasa Perindustrian
BMAS,1235,2021-06-16,2026-07-31,59,Keuangan,Bank
BMBL,844,2023-01-11,2026-07-31,7,Barang Konsumen Non-Primer,Jasa Konsumen
BMHS,1221,2021-07-06,2026-07-31,8,Kesehatan,Jasa & Peralatan Kesehatan
BMRI,1235,2021-06-16,2026-07-31,4,Keuangan,Bank
BMSR,1235,2021-06-16,2026-07-31,17,Barang Baku,Barang Baku
BMTR,1235,2021-06-16,2026-07-31,5,Barang Konsumen Non-Primer,Media & Hiburan
BNBA,1235,2021-06-16,2026-07-31,5,Keuangan,Bank
BNBR,1237,2021-06-16,2026-07-31,431,Perindustrian,Perusahaan Holding Multi Sektor
BNGA,1235,2021-06-16,2026-07-31,4,Keuangan,Bank
BNII,1235,2021-06-16,2026-07-31,4,Keuangan,Bank
BNLI,1235,2021-06-16,2026-07-31,5,Keuangan,Bank
BOAT,407,2024-11-12,2026-07-31,4,Energi,"Minyak, Gas & Batu Bara"
BOBA,1141,2021-11-01,2026-07-31,8,Barang Konsumen Primer,Makanan & Minuman
BOGA,1236,2021-06-16,2026-07-31,65,Barang Konsumen Non-Primer,Perdagangan Ritel
BOLA,1235,2021-06-16,2026-07-31,11,Barang Konsumen Non-Primer,Jasa Konsumen
BOLT,1235,2021-06-16,2026-07-31,37,Barang Konsumen Non-Primer,Otomotif & Komponen Otomotif
BOSS,1238,2021-06-16,2026-07-31,586,Energi,"Minyak, Gas & Batu Bara"
BPFI,1235,2021-06-16,2026-07-31,118,Keuangan,Jasa Pembiayaan
BPII,1235,2021-06-16,2026-07-31,519,Keuangan,Perusahaan Holding & Investasi
BPTR,1235,2021-06-16,2026-07-31,11,Transportasi & Logistik,Transportasi
BRAM,1235,2021-06-16,2026-07-31,59,Barang Konsumen Non-Primer,Otomotif & Komponen Otomotif
BREN,670,2023-10-09,2026-07-31,11,Infrastruktur,Utilitas
BRIS,1235,2021-06-16,2026-07-31,4,Keuangan,Bank
BRMS,1235,2021-06-16,2026-07-31,4,Barang Baku,Barang Baku
BRNA,1235,2021-06-16,2026-07-31,387,Barang Baku,Barang Baku
BRPT,1235,2021-06-16,2026-07-31,4,Barang Baku,Barang Baku
BRRC,370,2025-01-09,2026-07-31,7,Barang Konsumen Primer,Makanan & Minuman
BSBK,890,2022-11-08,2026-07-31,7,Properti & Real Estat,Properti & Real Estat
BSDE,1235,2021-06-16,2026-07-31,4,Properti & Real Estat,Properti & Real Estat
BSIM,1235,2021-06-16,2026-07-31,4,Keuangan,Bank
BSML,1108,2021-12-16,2026-07-31,9,Energi,"Minyak, Gas & Batu Bara"
BSSR,1235,2021-06-16,2026-07-31,4,Energi,"Minyak, Gas & Batu Bara"
BSWD,1237,2021-06-16,2026-07-31,1087,Keuangan,Bank
BTEK,1235,2021-06-16,2026-07-31,269,Barang Konsumen Primer,Makanan & Minuman
BTEL,1,2026-07-17,2026-07-17,1,Infrastruktur,Telekomunikasi
BTON,1235,2021-06-16,2026-07-31,70,Barang Baku,Barang Baku
BTPN,1235,2021-06-16,2026-07-31,5,Keuangan,Bank
BTPS,1235,2021-06-16,2026-07-31,4,Keuangan,Bank
BUAH,954,2022-08-09,2026-07-31,7,Barang Konsumen Primer,Perdagangan Ritel Barang Primer
BUDI,1235,2021-06-16,2026-07-31,5,Barang Konsumen Primer,Makanan & Minuman
BUKA,1199,2021-08-06,2026-07-31,8,Teknologi,Perangkat Lunak & Jasa TI
BUKK,1235,2021-06-16,2026-07-31,11,Infrastruktur,Konstruksi Bangunan
BULL,1235,2021-06-16,2026-07-31,88,Energi,"Minyak, Gas & Batu Bara"
BUMI,1235,2021-06-16,2026-07-31,4,Energi,"Minyak, Gas & Batu Bara"
BUVA,1235,2021-06-16,2026-07-31,508,Barang Konsumen Non-Primer,Jasa Konsumen
BVIC,1235,2021-06-16,2026-07-31,5,Keuangan,Bank
BWPT,1235,2021-06-16,2026-07-31,15,Barang Konsumen Primer,Makanan & Minuman
BYAN,1235,2021-06-16,2026-07-31,4,Energi,"Minyak, Gas & Batu Bara"
CAKK,1235,2021-06-16,2026-07-31,5,Perindustrian,Barang Perindustrian
CAMP,1235,2021-06-16,2026-07-31,4,Barang Konsumen Primer,Makanan & Minuman
CANI,1235,2021-06-16,2026-07-31,130,Energi,"Minyak, Gas & Batu Bara"
CARE,1235,2021-06-16,2026-07-31,61,Kesehatan,Jasa & Peralatan Kesehatan
CARS,1235,2021-06-16,2026-07-31,7,Barang Konsumen Non-Primer,Perdagangan Ritel
CASA,1235,2021-06-16,2026-07-31,43,Keuangan,Perusahaan Holding & Investasi
CASH,1235,2021-06-16,2026-07-31,4,Teknologi,Perangkat Lunak & Jasa TI
CASS,1235,2021-06-16,2026-07-31,4,Infrastruktur,Infrastruktur Transportasi
CBDK,368,2025-01-13,2026-07-31,4,Properti & Real Estat,Properti & Real Estat
CBMF,1,2026-07-17,2026-07-17,1,Barang Konsumen Non-Primer,Barang Rumah Tangga
CBPE,847,2023-01-06,2026-07-31,7,Properti & Real Estat,Properti & Real Estat
CBRE,846,2023-01-09,2026-07-31,26,Energi,"Minyak, Gas & Batu Bara"
CBUT,890,2022-11-08,2026-07-31,28,Barang Konsumen Primer,Makanan & Minuman
CCSI,1235,2021-06-16,2026-07-31,5,Perindustrian,Barang Perindustrian
CDIA,260,2025-07-09,2026-07-31,7,Infrastruktur,Utilitas
CEKA,1235,2021-06-16,2026-07-31,4,Barang Konsumen Primer,Makanan & Minuman
CENT,1235,2021-06-16,2026-07-31,5,Infrastruktur,Telekomunikasi
CFIN,1235,2021-06-16,2026-07-31,4,Keuangan,Jasa Pembiayaan
CGAS,608,2024-01-08,2026-07-31,14,Energi,"Minyak, Gas & Batu Bara"
CHEK,259,2025-07-10,2026-07-31,4,Kesehatan,Jasa & Peralatan Kesehatan
CHEM,976,2022-07-08,2026-07-31,8,Barang Baku,Barang Baku
CHIP,825,2023-02-08,2026-07-31,14,Teknologi,Perangkat Keras & Peralatan Teknologi
CINT,1235,2021-06-16,2026-07-31,28,Barang Konsumen Non-Primer,Barang Rumah Tangga
CITA,1235,2021-06-16,2026-07-31,85,Barang Baku,Barang Baku
CITY,1235,2021-06-16,2026-07-31,42,Properti & Real Estat,Properti & Real Estat
CLAY,1235,2021-06-16,2026-07-31,312,Barang Konsumen Non-Primer,Jasa Konsumen
CLEO,1235,2021-06-16,2026-07-31,4,Barang Konsumen Primer,Makanan & Minuman
CLPI,1235,2021-06-16,2026-07-31,4,Barang Baku,Barang Baku
CMNP,1235,2021-06-16,2026-07-31,11,Infrastruktur,Infrastruktur Transportasi
CMNT,1178,2021-09-08,2026-07-31,7,Barang Baku,Barang Baku
CMPP,1235,2021-06-16,2026-07-31,174,Transportasi & Logistik,Transportasi
CMRY,1116,2021-12-06,2026-07-31,7,Barang Konsumen Primer,Makanan & Minuman
CNKO,1235,2021-06-16,2026-07-31,182,Energi,"Minyak, Gas & Batu Bara"
CNMA,716,2023-08-02,2026-07-31,7,Barang Konsumen Non-Primer,Jasa Konsumen
CNTB,1,2026-07-17,2026-07-17,1,,
CNTX,1238,2021-06-16,2026-07-31,807,Barang Konsumen Non-Primer,Pakaian & Barang Mewah
COAL,934,2022-09-07,2026-07-31,22,Energi,"Minyak, Gas & Batu Bara"
COCO,1235,2021-06-16,2026-07-31,35,Barang Konsumen Primer,Makanan & Minuman
COIN,260,2025-07-09,2026-07-31,11,Keuangan,Perusahaan Holding & Investasi
COWL,1,2026-07-17,2026-07-17,1,Properti & Real Estat,Properti & Real Estat
CPIN,1235,2021-06-16,2026-07-31,5,Barang Konsumen Primer,Makanan & Minuman
CPRI,1,2026-07-17,2026-07-17,1,Properti & Real Estat,Properti & Real Estat
CPRO,1235,2021-06-16,2026-07-31,37,Barang Konsumen Primer,Makanan & Minuman
CRAB,953,2022-08-10,2026-07-31,31,Barang Konsumen Primer,Makanan & Minuman
CRSN,732,2023-07-10,2026-07-31,7,Perindustrian,Jasa Perindustrian
CSAP,1235,2021-06-16,2026-07-31,15,Barang Konsumen Non-Primer,Perdagangan Ritel
CSIS,1235,2021-06-16,2026-07-31,6,Properti & Real Estat,Properti & Real Estat
CSMI,1235,2021-06-16,2026-07-31,639,Barang Konsumen Non-Primer,Jasa Konsumen
CSRA,1235,2021-06-16,2026-07-31,4,Barang Konsumen Primer,Makanan & Minuman
CTBN,1235,2021-06-16,2026-07-31,274,Barang Baku,Barang Baku
CTRA,1235,2021-06-16,2026-07-31,5,Properti & Real Estat,Properti & Real Estat
CTTH,1235,2021-06-16,2026-07-31,194,Perindustrian,Barang Perindustrian
CUAN,805,2023-03-08,2026-07-31,32,Energi,"Minyak, Gas & Batu Bara"
CYBR,713,2023-08-08,2026-07-31,8,Teknologi,Perangkat Lunak & Jasa TI
DAAZ,408,2024-11-11,2026-07-31,7,Barang Baku,Barang Baku
DADA,1235,2021-06-16,2026-07-31,89,Properti & Real Estat,Properti & Real Estat
DART,1235,2021-06-16,2026-07-31,29,Properti & Real Estat,Properti & Real Estat
DATA,535,2024-05-07,2026-07-31,19,Infrastruktur,Telekomunikasi
DAYA,1235,2021-06-16,2026-07-31,7,Barang Konsumen Primer,Perdagangan Ritel Barang Primer
DCII,1235,2021-06-16,2026-07-31,187,Teknologi,Perangkat Lunak & Jasa TI
DEAL,1238,2021-06-16,2026-07-31,674,Transportasi & Logistik,Logistik & Pengantaran
DEFI,1235,2021-06-16,2026-07-31,944,Keuangan,Perusahaan Holding & Investasi
DEPO,1123,2021-11-25,2026-07-31,7,Barang Konsumen Non-Primer,Perdagangan Ritel
DEWA,1235,2021-06-16,2026-07-31,4,Energi,"Minyak, Gas & Batu Bara"
DEWI,970,2022-07-18,2026-07-31,62,Barang Konsumen Primer,Makanan & Minuman
DFAM,1235,2021-06-16,2026-07-31,35,Barang Konsumen Non-Primer,Jasa Konsumen
DGIK,1235,2021-06-16,2026-07-31,4,Infrastruktur,Konstruksi Bangunan
DGNS,1235,2021-06-16,2026-07-31,8,Kesehatan,Jasa & Peralatan Kesehatan
DGWG,368,2025-01-13,2026-07-31,4,Barang Baku,Barang Baku
DIGI,1235,2021-06-16,2026-07-31,36,Barang Konsumen Non-Primer,Media & Hiburan
DILD,1235,2021-06-16,2026-07-31,4,Properti & Real Estat,Properti & Real Estat
DIVA,1235,2021-06-16,2026-07-31,4,Teknologi,Perangkat Lunak & Jasa TI
DKFT,1235,2021-06-16,2026-07-31,4,Barang Baku,Barang Baku
DKHH,297,2025-05-08,2026-07-31,16,Kesehatan,Jasa & Peralatan Kesehatan
DLTA,1235,2021-06-16,2026-07-31,4,Barang Konsumen Primer,Makanan & Minuman
DMAS,1235,2021-06-16,2026-07-31,4,Properti & Real Estat,Properti & Real Estat
DMMX,1235,2021-06-16,2026-07-31,14,Teknologi,Perangkat Lunak & Jasa TI
DMND,1235,2021-06-16,2026-07-31,45,Barang Konsumen Primer,Perdagangan Ritel Barang Primer
DNAR,1235,2021-06-16,2026-07-31,4,Keuangan,Bank
DNET,1235,2021-06-16,2026-07-31,8,Keuangan,Perusahaan Holding & Investasi
DOID,1235,2021-06-16,2026-07-31,4,Energi,"Minyak, Gas & Batu Bara"
DOOH,771,2023-05-08,2026-07-31,25,Barang Konsumen Non-Primer,Media & Hiburan
DOSS,475,2024-08-07,2026-07-31,4,Barang Konsumen Non-Primer,Barang Rekreasi
DPNS,1238,2021-06-16,2026-07-31,188,Barang Baku,Barang Baku
DPUM,1235,2021-06-16,2026-07-31,523,Barang Konsumen Primer,Makanan & Minuman
DRMA,1106,2021-12-20,2026-07-31,8,Barang Konsumen Non-Primer,Otomotif & Komponen Otomotif
DSFI,1235,2021-06-16,2026-07-31,4,Barang Konsumen Primer,Makanan & Minuman
DSNG,1235,2021-06-16,2026-07-31,4,Barang Konsumen Primer,Makanan & Minuman
DSSA,1235,2021-06-16,2026-07-31,344,Energi,"Minyak, Gas & Batu Bara"
DUCK,1,2026-07-17,2026-07-17,1,Barang Konsumen Non-Primer,Jasa Konsumen
DUTI,1235,2021-06-16,2026-07-31,158,Properti & Real Estat,Properti & Real Estat
DVLA,1235,2021-06-16,2026-07-31,5,Kesehatan,Farmasi & Riset Kesehatan
DWGL,1235,2021-06-16,2026-07-31,44,Energi,"Minyak, Gas & Batu Bara"
DYAN,1235,2021-06-16,2026-07-31,4,Perindustrian,Jasa Perindustrian
EAST,1235,2021-06-16,2026-07-31,4,Barang Konsumen Non-Primer,Jasa Konsumen
ECII,1235,2021-06-16,2026-07-31,87,Barang Konsumen Non-Primer,Perdagangan Ritel
EDGE,1238,2021-06-16,2026-07-31,205,Teknologi,Perangkat Lunak & Jasa TI
EKAD,1235,2021-06-16,2026-07-31,4,Barang Baku,Barang Baku
ELIT,847,2023-01-06,2026-07-31,7,Teknologi,Perangkat Lunak & Jasa TI
ELPI,956,2022-08-08,2026-07-31,13,Transportasi & Logistik,Logistik & Pengantaran
ELSA,1235,2021-06-16,2026-07-31,4,Energi,"Minyak, Gas & Batu Bara"
ELTY,1235,2021-06-16,2026-07-31,268,Properti & Real Estat,Properti & Real Estat
EMAS,208,2025-09-23,2026-07-31,4,Barang Baku,Barang Baku
EMDE,1235,2021-06-16,2026-07-31,92,Properti & Real Estat,Properti & Real Estat
EMTK,1235,2021-06-16,2026-07-31,4,Teknologi,Perangkat Lunak & Jasa TI
ENAK,1072,2022-02-08,2026-07-31,10,Barang Konsumen Non-Primer,Jasa Konsumen
ENRG,1235,2021-06-16,2026-07-31,4,Energi,"Minyak, Gas & Batu Bara"
ENVY,1,2026-07-17,2026-07-17,1,Teknologi,Perangkat Lunak & Jasa TI
ENZO,1235,2021-06-16,2026-07-31,42,Barang Konsumen Primer,Makanan & Minuman
EPAC,1235,2021-06-16,2026-07-31,33,Barang Baku,Barang Baku
EPMT,1235,2021-06-16,2026-07-31,4,Barang Konsumen Primer,Perdagangan Ritel Barang Primer
ERAA,1235,2021-06-16,2026-07-31,4,Barang Konsumen Non-Primer,Perdagangan Ritel
ERAL,712,2023-08-08,2026-07-31,7,Barang Konsumen Non-Primer,Perdagangan Ritel
ERTX,1235,2021-06-16,2026-07-31,5,Barang Konsumen Non-Primer,Pakaian & Barang Mewah
ESIP,1235,2021-06-16,2026-07-31,18,Barang Baku,Barang Baku
ESSA,1235,2021-06-16,2026-07-31,4,Barang Baku,Barang Baku
ESTA,1235,2021-06-16,2026-07-31,23,Barang Konsumen Non-Primer,Jasa Konsumen
ESTI,1235,2021-06-16,2026-07-31,20,Barang Konsumen Non-Primer,Pakaian & Barang Mewah
ETWA,1238,2021-06-16,2026-07-31,903,Barang Baku,Barang Baku
EURO,955,2022-08-08,2026-07-31,51,Barang Konsumen Primer,Produk Rumah Tangga Tidak Tahan Lama
EXCL,1235,2021-06-16,2026-07-31,4,Infrastruktur,Telekomunikasi
FAPA,1235,2021-06-16,2026-07-31,18,Barang Konsumen Primer,Makanan & Minuman
FAST,1235,2021-06-16,2026-07-31,14,Barang Konsumen Non-Primer,Jasa Konsumen
FASW,1237,2021-06-16,2026-07-30,989,Barang Baku,Barang Baku
FILM,1235,2021-06-16,2026-07-31,36,Barang Konsumen Non-Primer,Media & Hiburan
FIMP,1238,2021-06-16,2026-07-31,352,Infrastruktur,Konstruksi Bangunan
FIRE,1235,2021-06-16,2026-07-31,14,Energi,"Minyak, Gas & Batu Bara"
FISH,1235,2021-06-16,2026-07-31,522,Barang Konsumen Primer,Makanan & Minuman
FITT,1235,2021-06-16,2026-07-31,61,Barang Konsumen Non-Primer,Jasa Konsumen
FLMC,1219,2021-07-08,2026-07-31,385,Barang Konsumen Primer,Produk Rumah Tangga Tidak Tahan Lama
FMII,1235,2021-06-16,2026-07-31,104,Properti & Real Estat,Properti & Real Estat
FOLK,713,2023-08-07,2026-07-31,29,Perindustrian,Perusahaan Holding Multi Sektor
FOOD,1235,2021-06-16,2026-07-31,45,Barang Konsumen Primer,Makanan & Minuman
FORE,313,2025-04-14,2026-07-31,4,Barang Konsumen Primer,Makanan & Minuman
FORU,1236,2021-06-16,2026-07-31,131,Barang Konsumen Non-Primer,Media & Hiburan
FPNI,1235,2021-06-16,2026-07-31,12,Barang Baku,Barang Baku
FUJI,1235,2021-06-16,2026-07-31,36,Keuangan,Jasa Pembiayaan
FUTR,812,2023-02-27,2026-07-31,32,Barang Konsumen Non-Primer,Media & Hiburan
FWCT,830,2023-02-01,2026-07-31,7,Barang Baku,Barang Baku
GAMA,1,2026-07-17,2026-07-17,1,Properti & Real Estat,Properti & Real Estat
GDST,1235,2021-06-16,2026-07-31,4,Barang Baku,Barang Baku
GDYR,1235,2021-06-16,2026-07-31,57,Barang Konsumen Non-Primer,Otomotif & Komponen Otomotif
GEMA,1235,2021-06-16,2026-07-31,109,Barang Konsumen Non-Primer,Barang Rumah Tangga
GEMS,1235,2021-06-16,2026-07-31,4,Energi,"Minyak, Gas & Batu Bara"
GGRM,1235,2021-06-16,2026-07-31,4,Barang Konsumen Primer,Rokok
GGRP,1235,2021-06-16,2026-07-31,146,Barang Baku,Barang Baku
GHON,1235,2021-06-16,2026-07-31,17,Infrastruktur,Telekomunikasi
GIAA,1235,2021-06-16,2026-07-31,387,Transportasi & Logistik,Transportasi
GJTL,1235,2021-06-16,2026-07-31,5,Barang Konsumen Non-Primer,Otomotif & Komponen Otomotif
GLOB,1238,2021-06-16,2026-07-31,463,Barang Konsumen Non-Primer,Perdagangan Ritel
GLVA,1235,2021-06-16,2026-07-31,5,Teknologi,Perangkat Keras & Peralatan Teknologi
GMFI,1235,2021-06-16,2026-07-31,4,Infrastruktur,Infrastruktur Transportasi
GMTD,1235,2021-06-16,2026-07-31,663,Properti & Real Estat,Properti & Real Estat
GOLD,1235,2021-06-16,2026-07-31,4,Infrastruktur,Telekomunikasi
GOLF,497,2024-07-08,2026-07-31,14,Barang Konsumen Non-Primer,Jasa Konsumen
GOLL,1,2026-07-17,2026-07-17,1,Barang Konsumen Primer,Makanan & Minuman
GOOD,1235,2021-06-16,2026-07-31,4,Barang Konsumen Primer,Makanan & Minuman
GOTO,1030,2022-04-11,2026-07-31,7,Teknologi,Perangkat Lunak & Jasa TI
GPRA,1235,2021-06-16,2026-07-31,4,Properti & Real Estat,Properti & Real Estat
GPSO,1180,2021-09-06,2026-07-31,41,Perindustrian,Barang Perindustrian
GRIA,712,2023-08-08,2026-07-31,7,Properti & Real Estat,Properti & Real Estat
GRPH,600,2024-01-18,2026-07-31,8,Barang Konsumen Non-Primer,Jasa Konsumen
GRPM,732,2023-07-10,2026-07-31,18,Barang Konsumen Primer,Makanan & Minuman
GSMF,1235,2021-06-16,2026-07-31,10,Keuangan,Perusahaan Holding & Investasi
GTBO,1235,2021-06-16,2026-07-31,411,Energi,"Minyak, Gas & Batu Bara"
GTRA,791,2023-03-30,2026-07-31,9,Transportasi & Logistik,Logistik & Pengantaran
GTSI,1178,2021-09-08,2026-07-31,14,Energi,"Minyak, Gas & Batu Bara"
GULA,958,2022-08-03,2026-07-31,7,Barang Konsumen Primer,Makanan & Minuman
GUNA,496,2024-07-09,2026-07-31,4,Barang Konsumen Primer,Makanan & Minuman
GWSA,1235,2021-06-16,2026-07-31,4,Barang Konsumen Non-Primer,Jasa Konsumen
GZCO,1235,2021-06-16,2026-07-31,9,Barang Konsumen Primer,Makanan & Minuman
HADE,1235,2021-06-16,2026-07-31,226,Infrastruktur,Utilitas
HAIS,1183,2021-09-01,2026-07-31,7,Transportasi & Logistik,Logistik & Pengantaran
HAJJ,787,2023-04-05,2026-07-31,7,Barang Konsumen Non-Primer,Jasa Konsumen
HALO,825,2023-02-08,2026-07-31,7,Kesehatan,Jasa & Peralatan Kesehatan
HATM,964,2022-07-26,2026-07-31,7,Transportasi & Logistik,Logistik & Pengantaran
HBAT,713,2023-08-07,2026-07-31,16,Properti & Real Estat,Properti & Real Estat
HDFA,1235,2021-06-16,2026-07-31,7,Keuangan,Jasa Pembiayaan
HDIT,1235,2021-06-16,2026-07-31,8,Teknologi,Perangkat Lunak & Jasa TI
HEAL,1235,2021-06-16,2026-07-31,4,Kesehatan,Jasa & Peralatan Kesehatan
HELI,1234,2021-06-16,2026-07-30,63,Transportasi & Logistik,Transportasi
HERO,1235,2021-06-16,2026-07-31,16,Barang Konsumen Primer,Perdagangan Ritel Barang Primer
HEXA,1235,2021-06-16,2026-07-31,4,Perindustrian,Barang Perindustrian
HGII,370,2025-01-09,2026-07-31,4,Infrastruktur,Utilitas
HILL,810,2023-03-01,2026-07-31,32,Energi,"Minyak, Gas & Batu Bara"
HITS,1237,2021-06-16,2026-07-30,347,Energi,"Minyak, Gas & Batu Bara"
HKMU,1,2026-07-17,2026-07-17,1,Barang Baku,Barang Baku
HMSP,1235,2021-06-16,2026-07-31,4,Barang Konsumen Primer,Rokok
HOKI,1235,2021-06-16,2026-07-31,4,Barang Konsumen Primer,Makanan & Minuman
HOME,1,2026-07-17,2026-07-17,1,Barang Konsumen Non-Primer,Jasa Konsumen
HOMI,1235,2021-06-16,2026-07-31,49,Properti & Real Estat,Properti & Real Estat
HOPE,1235,2021-06-16,2026-07-31,37,Perindustrian,Barang Perindustrian
HOTL,1,2026-07-17,2026-07-17,1,Barang Konsumen Non-Primer,Jasa Konsumen
HRME,1235,2021-06-16,2026-07-31,22,Barang Konsumen Non-Primer,Jasa Konsumen
HRTA,1235,2021-06-16,2026-07-31,4,Barang Konsumen Non-Primer,Pakaian & Barang Mewah
HRUM,1235,2021-06-16,2026-07-31,4,Energi,"Minyak, Gas & Batu Bara"
HUMI,711,2023-08-09,2026-07-31,19,Energi,"Minyak, Gas & Batu Bara"
HYGN,584,2024-02-13,2026-07-31,6,Perindustrian,Jasa Perindustrian
IATA,1235,2021-06-16,2026-07-31,9,Energi,"Minyak, Gas & Batu Bara"
IBFN,1235,2021-06-16,2026-07-31,448,Perindustrian,Barang Perindustrian
IBOS,1021,2022-04-25,2026-07-31,27,Barang Konsumen Primer,Makanan & Minuman
IBST,1238,2021-06-16,2026-07-31,649,Infrastruktur,Telekomunikasi
ICBP,1235,2021-06-16,2026-07-31,4,Barang Konsumen Primer,Makanan & Minuman
ICON,1235,2021-06-16,2026-07-31,48,Perindustrian,Jasa Perindustrian
IDEA,1177,2021-09-09,2026-07-31,10,Barang Konsumen Non-Primer,Jasa Konsumen
IDPR,1235,2021-06-16,2026-07-31,12,Infrastruktur,Konstruksi Bangunan
IFII,1235,2021-06-16,2026-07-31,6,Barang Baku,Barang Baku
IFSH,1235,2021-06-16,2026-07-31,88,Barang Baku,Barang Baku
IGAR,1235,2021-06-16,2026-07-31,6,Barang Baku,Barang Baku
IIKP,1,2026-07-17,2026-07-17,1,Barang Konsumen Non-Primer,Barang Rekreasi
IKAI,1234,2021-06-16,2026-07-30,159,Perindustrian,Barang Perindustrian
IKAN,1235,2021-06-16,2026-07-31,22,Barang Konsumen Primer,Makanan & Minuman
IKBI,1235,2021-06-16,2026-07-31,21,Perindustrian,Barang Perindustrian
IKPM,648,2023-11-08,2026-07-31,7,Kesehatan,Farmasi & Riset Kesehatan
IMAS,1235,2021-06-16,2026-07-31,4,Barang Konsumen Non-Primer,Perdagangan Ritel
IMJS,1235,2021-06-16,2026-07-31,5,Transportasi & Logistik,Transportasi
IMPC,1235,2021-06-16,2026-07-31,13,Perindustrian,Barang Perindustrian
INAF,1238,2021-06-16,2026-07-31,505,Kesehatan,Farmasi & Riset Kesehatan
INAI,1235,2021-06-16,2026-07-31,41,Barang Baku,Barang Baku
INCF,1235,2021-06-16,2026-07-31,53,Barang Baku,Barang Baku
INCI,1235,2021-06-16,2026-07-31,7,Barang Baku,Barang Baku
INCO,1235,2021-06-16,2026-07-31,4,Barang Baku,Barang Baku
INDF,1235,2021-06-16,2026-07-31,4,Barang Konsumen Primer,Makanan & Minuman
INDO,1235,2021-06-16,2026-07-31,4,Properti & Real Estat,Properti & Real Estat
INDR,1235,2021-06-16,2026-07-31,4,Barang Konsumen Non-Primer,Pakaian & Barang Mewah
INDS,1235,2021-06-16,2026-07-31,25,Barang Konsumen Non-Primer,Otomotif & Komponen Otomotif
INDX,1235,2021-06-16,2026-07-31,41,Perindustrian,Jasa Perindustrian
INDY,1235,2021-06-16,2026-07-31,4,Energi,"Minyak, Gas & Batu Bara"
INET,723,2023-07-24,2026-07-31,28,Infrastruktur,Telekomunikasi
INKP,1235,2021-06-16,2026-07-31,5,Barang Baku,Barang Baku
INOV,1235,2021-06-16,2026-07-31,4,Barang Konsumen Non-Primer,Pakaian & Barang Mewah
INPC,1235,2021-06-16,2026-07-31,21,Keuangan,Bank
INPP,1236,2021-06-16,2026-07-31,169,Properti & Real Estat,Properti & Real Estat
INPS,1235,2021-06-16,2026-07-31,101,Energi,"Minyak, Gas & Batu Bara"
INRU,1238,2021-06-16,2026-07-31,190,Barang Baku,Barang Baku
INTA,1235,2021-06-16,2026-07-31,340,Perindustrian,Barang Perindustrian
INTD,1234,2021-06-16,2026-07-30,24,Barang Baku,Barang Baku
INTP,1235,2021-06-16,2026-07-31,4,Barang Baku,Barang Baku
IOTF,671,2023-10-06,2026-07-31,8,Teknologi,Perangkat Keras & Peralatan Teknologi
IPAC,1224,2021-06-30,2026-07-30,53,Properti & Real Estat,Properti & Real Estat
IPCC,1235,2021-06-16,2026-07-31,4,Infrastruktur,Infrastruktur Transportasi
IPCM,1235,2021-06-16,2026-07-31,4,Infrastruktur,Infrastruktur Transportasi
IPOL,1235,2021-06-16,2026-07-31,8,Barang Baku,Barang Baku
IPPE,1116,2021-12-09,2026-07-31,464,Barang Konsumen Primer,Makanan & Minuman
IPTV,1235,2021-06-16,2026-07-31,4,Barang Konsumen Non-Primer,Media & Hiburan
IRRA,1235,2021-06-16,2026-07-31,4,Kesehatan,Jasa & Peralatan Kesehatan
IRSX,826,2023-02-07,2026-07-31,40,Teknologi,Perangkat Lunak & Jasa TI
ISAP,867,2022-12-09,2026-07-31,7,Barang Konsumen Non-Primer,Otomotif & Komponen Otomotif
ISAT,1235,2021-06-16,2026-07-31,4,Infrastruktur,Telekomunikasi
ISEA,497,2024-07-08,2026-07-31,9,Barang Konsumen Primer,Makanan & Minuman
ISSP,1235,2021-06-16,2026-07-31,4,Barang Baku,Barang Baku
ITIC,1235,2021-06-16,2026-07-31,10,Barang Konsumen Primer,Rokok
ITMA,1235,2021-06-16,2026-07-31,45,Energi,"Minyak, Gas & Batu Bara"
ITMG,1235,2021-06-16,2026-07-31,5,Energi,"Minyak, Gas & Batu Bara"
JARR,957,2022-08-04,2026-07-31,21,Barang Konsumen Primer,Makanan & Minuman
JAST,1235,2021-06-16,2026-07-31,7,Infrastruktur,Telekomunikasi
JATI,771,2023-05-08,2026-07-31,18,Teknologi,Perangkat Lunak & Jasa TI
JAWA,1235,2021-06-16,2026-07-31,21,Barang Konsumen Primer,Makanan & Minuman
JAYA,1235,2021-06-16,2026-07-31,4,Transportasi & Logistik,Logistik & Pengantaran
JECC,1235,2021-06-16,2026-07-31,234,Perindustrian,Barang Perindustrian
JGLE,1235,2021-06-16,2026-07-31,325,Barang Konsumen Non-Primer,Jasa Konsumen
JIHD,1235,2021-06-16,2026-07-31,36,Barang Konsumen Non-Primer,Jasa Konsumen
JKON,1235,2021-06-16,2026-07-31,4,Infrastruktur,Konstruksi Bangunan
JMAS,1235,2021-06-16,2026-07-31,41,Keuangan,Asuransi
JPFA,1235,2021-06-16,2026-07-31,4,Barang Konsumen Primer,Makanan & Minuman
JRPT,1235,2021-06-16,2026-07-31,4,Properti & Real Estat,Properti & Real Estat
JSKY,1,2026-07-17,2026-07-17,1,Energi,Energi Alternatif
JSMR,1235,2021-06-16,2026-07-31,4,Infrastruktur,Infrastruktur Transportasi
JSPT,1235,2021-06-16,2026-07-31,432,Barang Konsumen Non-Primer,Jasa Konsumen
JTPE,1235,2021-06-16,2026-07-31,4,Perindustrian,Jasa Perindustrian
KAEF,1235,2021-06-16,2026-07-31,13,Kesehatan,Farmasi & Riset Kesehatan
KAQI,331,2025-03-10,2026-07-31,5,Barang Konsumen Non-Primer,Otomotif & Komponen Otomotif
KARW,1235,2021-06-16,2026-07-31,108,Infrastruktur,Infrastruktur Transportasi
KAYU,1238,2021-06-16,2026-07-31,640,Barang Baku,Barang Baku
KBAG,1235,2021-06-16,2026-07-31,6,Properti & Real Estat,Properti & Real Estat
KBLI,1235,2021-06-16,2026-07-31,4,Perindustrian,Barang Perindustrian
KBLM,1235,2021-06-16,2026-07-31,4,Perindustrian,Barang Perindustrian
KBLV,1235,2021-06-16,2026-07-31,31,Infrastruktur,Telekomunikasi
KBRI,1,2026-07-17,2026-07-17,1,Barang Baku,Barang Baku
KDSI,1235,2021-06-16,2026-07-31,60,Barang Baku,Barang Baku
KDTN,889,2022-11-09,2026-07-31,22,Barang Konsumen Non-Primer,Jasa Konsumen
KEEN,1235,2021-06-16,2026-07-31,4,Infrastruktur,Utilitas
KEJU,1235,2021-06-16,2026-07-31,8,Barang Konsumen Primer,Makanan & Minuman
KETR,888,2022-11-10,2026-07-31,8,Infrastruktur,Telekomunikasi
KIAS,1238,2021-06-16,2026-07-31,330,Perindustrian,Barang Perindustrian
KICI,1235,2021-06-16,2026-07-31,7,Barang Konsumen Non-Primer,Barang Rumah Tangga
KIJA,1235,2021-06-16,2026-07-31,4,Properti & Real Estat,Properti & Real Estat
KING,820,2023-02-16,2026-07-31,19,Perindustrian,Jasa Perindustrian
KINO,1235,2021-06-16,2026-07-31,11,Barang Konsumen Primer,Produk Rumah Tangga Tidak Tahan Lama
KIOS,1235,2021-06-16,2026-07-31,24,Teknologi,Perangkat Lunak & Jasa TI
KJEN,1235,2021-06-16,2026-07-31,47,Transportasi & Logistik,Logistik & Pengantaran
KKES,955,2022-08-08,2026-07-31,18,Barang Baku,Barang Baku
KKGI,1235,2021-06-16,2026-07-31,4,Energi,"Minyak, Gas & Batu Bara"
KLAS,749,2023-06-12,2026-07-31,7,Transportasi & Logistik,Logistik & Pengantaran
KLBF,1235,2021-06-16,2026-07-31,4,Kesehatan,Farmasi & Riset Kesehatan
KLIN,954,2022-08-09,2026-07-31,21,Barang Konsumen Non-Primer,Perdagangan Ritel
KMDS,1235,2021-06-16,2026-07-31,6,Barang Konsumen Primer,Perdagangan Ritel Barang Primer
KMTR,1235,2021-06-16,2026-07-31,16,Barang Baku,Barang Baku
KOBX,1235,2021-06-16,2026-07-31,4,Perindustrian,Barang Perindustrian
KOCI,671,2023-10-06,2026-07-31,15,Properti & Real Estat,Properti & Real Estat
KOIN,1235,2021-06-16,2026-07-31,258,Perindustrian,Barang Perindustrian
KOKA,668,2023-10-11,2026-07-31,38,Infrastruktur,Konstruksi Bangunan
KONI,1235,2021-06-16,2026-07-31,67,Perindustrian,Jasa Perindustrian
KOPI,1235,2021-06-16,2026-07-31,40,Energi,"Minyak, Gas & Batu Bara"
KOTA,1235,2021-06-16,2026-07-31,5,Barang Konsumen Non-Primer,Jasa Konsumen
KPIG,1235,2021-06-16,2026-07-31,8,Barang Konsumen Non-Primer,Jasa Konsumen
KRAS,1235,2021-06-16,2026-07-31,12,Barang Baku,Barang Baku
KREN,1235,2021-06-16,2026-07-31,58,Teknologi,Perangkat Lunak & Jasa TI
KRYA,964,2022-07-26,2026-07-31,15,Infrastruktur,Konstruksi Bangunan
KSIX,371,2025-01-08,2026-07-31,7,Properti & Real Estat,Properti & Real Estat
KUAS,1146,2021-10-25,2026-07-31,8,Perindustrian,Barang Perindustrian
LABA,1235,2021-06-16,2026-07-31,105,Perindustrian,Barang Perindustrian
LABS,495,2024-07-10,2026-07-31,4,Kesehatan,Jasa & Peralatan Kesehatan
LAJU,833,2023-01-27,2026-07-31,14,Transportasi & Logistik,Logistik & Pengantaran
LAND,1235,2021-06-16,2026-07-31,16,Properti & Real Estat,Properti & Real Estat
LAPD,1235,2021-06-16,2026-07-31,612,Barang Konsumen Primer,Perdagangan Ritel Barang Primer
LCGP,1,2026-07-17,2026-07-17,1,Properti & Real Estat,Properti & Real Estat
LCKM,1235,2021-06-16,2026-07-31,186,Infrastruktur,Telekomunikasi
LEAD,1235,2021-06-16,2026-07-31,14,Energi,"Minyak, Gas & Batu Bara"
LFLO,1235,2021-06-16,2026-07-31,34,Barang Konsumen Non-Primer,Barang Rumah Tangga
LIFE,1235,2021-06-16,2026-07-31,526,Keuangan,Asuransi
LINK,1235,2021-06-16,2026-07-31,10,Infrastruktur,Telekomunikasi
LION,1235,2021-06-16,2026-07-31,68,Perindustrian,Jasa Perindustrian
LIVE,585,2024-02-12,2026-07-31,7,Barang Konsumen Non-Primer,Barang Rumah Tangga
LMAS,1,2026-07-17,2026-07-17,1,Teknologi,Perangkat Lunak & Jasa TI
LMAX,711,2023-08-09,2026-07-31,8,Barang Konsumen Non-Primer,Otomotif & Komponen Otomotif
LMPI,1235,2021-06-16,2026-07-31,67,Barang Konsumen Non-Primer,Barang Rumah Tangga
LMSH,1238,2021-06-16,2026-07-31,629,Barang Baku,Barang Baku
LOPI,668,2023-10-11,2026-07-31,12,Transportasi & Logistik,Logistik & Pengantaran
LPCK,1235,2021-06-16,2026-07-31,4,Properti & Real Estat,Properti & Real Estat
LPGI,1235,2021-06-16,2026-07-31,136,Keuangan,Asuransi
LPIN,1235,2021-06-16,2026-07-31,5,Barang Konsumen Non-Primer,Otomotif & Komponen Otomotif
LPKR,1235,2021-06-16,2026-07-31,4,Properti & Real Estat,Properti & Real Estat
LPLI,1235,2021-06-16,2026-07-31,27,Properti & Real Estat,Properti & Real Estat
LPPF,1235,2021-06-16,2026-07-31,4,Barang Konsumen Non-Primer,Perdagangan Ritel
LPPS,1235,2021-06-16,2026-07-31,5,Keuangan,Perusahaan Holding & Investasi
LRNA,1235,2021-06-16,2026-07-31,13,Transportasi & Logistik,Transportasi
LSIP,1235,2021-06-16,2026-07-31,4,Barang Konsumen Primer,Makanan & Minuman
LTLS,1235,2021-06-16,2026-07-31,5,Barang Baku,Barang Baku
LUCK,1235,2021-06-16,2026-07-31,4,Teknologi,Perangkat Keras & Peralatan Teknologi
LUCY,1235,2021-06-16,2026-07-31,41,Barang Konsumen Non-Primer,Jasa Konsumen
MABA,1,2026-07-17,2026-07-17,1,Barang Konsumen Non-Primer,Jasa Konsumen
MAGP,1,2026-07-17,2026-07-17,1,Barang Konsumen Primer,Makanan & Minuman
MAHA,722,2023-07-25,2026-07-31,7,Energi,"Minyak, Gas & Batu Bara"
MAIN,1235,2021-06-16,2026-07-31,245,Barang Konsumen Primer,Makanan & Minuman
MANG,605,2024-01-11,2026-07-31,7,Infrastruktur,Konstruksi Bangunan
MAPA,1235,2021-06-16,2026-07-31,4,Barang Konsumen Non-Primer,Perdagangan Ritel
MAPB,1235,2021-06-16,2026-07-31,140,Barang Konsumen Non-Primer,Jasa Konsumen
MAPI,1235,2021-06-16,2026-07-31,4,Barang Konsumen Non-Primer,Perdagangan Ritel
MARI,1235,2021-06-16,2026-07-31,27,Barang Konsumen Non-Primer,Media & Hiburan
MARK,1235,2021-06-16,2026-07-31,4,Perindustrian,Barang Perindustrian
MASB,1225,2021-06-30,2026-07-31,219,Keuangan,Bank
MAXI,749,2023-06-12,2026-07-31,8,Barang Konsumen Primer,Makanan & Minuman
MAYA,1235,2021-06-16,2026-07-31,4,Keuangan,Bank
MBAP,1235,2021-06-16,2026-07-31,4,Energi,"Minyak, Gas & Batu Bara"
MBMA,779,2023-04-18,2026-07-31,7,Barang Baku,Barang Baku
MBSS,1235,2021-06-16,2026-07-31,4,Energi,"Minyak, Gas & Batu Bara"
MBTO,1235,2021-06-16,2026-07-31,4,Barang Konsumen Primer,Produk Rumah Tangga Tidak Tahan Lama
MCAS,1235,2021-06-16,2026-07-31,5,Teknologi,Perangkat Lunak & Jasa TI
MCOL,1179,2021-09-07,2026-07-31,8,Energi,"Minyak, Gas & Batu Bara"
MCOR,1235,2021-06-16,2026-07-31,4,Keuangan,Bank
MDIA,1235,2021-06-16,2026-07-31,315,Barang Konsumen Non-Primer,Media & Hiburan
MDIY,381,2024-12-19,2026-07-31,4,Barang Konsumen Non-Primer,Perdagangan Ritel
MDKA,1235,2021-06-16,2026-07-31,4,Barang Baku,Barang Baku
MDKI,1235,2021-06-16,2026-07-31,4,Barang Baku,Barang Baku
MDLA,312,2025-04-15,2026-07-31,4,Kesehatan,Farmasi & Riset Kesehatan
MDLN,1235,2021-06-16,2026-07-31,133,Properti & Real Estat,Properti & Real Estat
MDRN,1235,2021-06-16,2026-07-31,283,Perindustrian,Jasa Perindustrian
MEDC,1235,2021-06-16,2026-07-31,4,Energi,"Minyak, Gas & Batu Bara"
MEDS,953,2022-08-10,2026-07-31,12,Kesehatan,Jasa & Peralatan Kesehatan
MEGA,1235,2021-06-16,2026-07-31,4,Keuangan,Bank
MEJA,585,2024-02-12,2026-07-31,84,Barang Konsumen Non-Primer,Barang Rumah Tangga
MENN,782,2023-04-18,2026-07-31,188,Teknologi,Perangkat Keras & Peralatan Teknologi
MERI,259,2025-07-10,2026-07-31,5,Barang Konsumen Non-Primer,Jasa Konsumen
MERK,1235,2021-06-16,2026-07-31,5,Kesehatan,Farmasi & Riset Kesehatan
META,1238,2021-06-16,2026-07-31,653,Infrastruktur,Infrastruktur Transportasi
MFMI,1238,2021-06-16,2026-07-31,461,Perindustrian,Jasa Perindustrian
MGLV,1235,2021-06-16,2026-07-31,58,Barang Konsumen Non-Primer,Barang Rumah Tangga
MGNA,1235,2021-06-16,2026-07-31,494,Barang Konsumen Non-Primer,Jasa Konsumen
MGRO,1235,2021-06-16,2026-07-31,4,Barang Konsumen Primer,Makanan & Minuman
MHKI,549,2024-04-16,2026-07-31,4,Perindustrian,Jasa Perindustrian
MICE,1236,2021-06-16,2026-07-31,15,Barang Konsumen Non-Primer,Barang Rumah Tangga
MIDI,1235,2021-06-16,2026-07-31,25,Barang Konsumen Primer,Perdagangan Ritel Barang Primer
MIKA,1235,2021-06-16,2026-07-31,4,Kesehatan,Jasa & Peralatan Kesehatan
MINA,1235,2021-06-16,2026-07-31,165,Barang Konsumen Non-Primer,Jasa Konsumen
MINE,331,2025-03-10,2026-07-31,4,Barang Baku,Barang Baku
MIRA,1235,2021-06-16,2026-07-31,179,Transportasi & Logistik,Logistik & Pengantaran
MITI,1235,2021-06-16,2026-07-31,14,Transportasi & Logistik,Logistik & Pengantaran
MKAP,585,2024-02-12,2026-07-31,14,Energi,"Minyak, Gas & Batu Bara"
MKNT,1238,2021-06-16,2026-07-31,663,Barang Konsumen Non-Primer,Perdagangan Ritel
MKPI,1235,2021-06-16,2026-07-31,246,Properti & Real Estat,Properti & Real Estat
MKTR,890,2022-11-08,2026-07-31,8,Barang Konsumen Primer,Makanan & Minuman
MLBI,1235,2021-06-16,2026-07-31,4,Barang Konsumen Primer,Makanan & Minuman
MLIA,1235,2021-06-16,2026-07-31,4,Perindustrian,Barang Perindustrian
MLPL,1235,2021-06-16,2026-07-31,6,Barang Konsumen Primer,Perdagangan Ritel Barang Primer
MLPT,1237,2021-06-16,2026-07-30,43,Teknologi,Perangkat Lunak & Jasa TI
MMIX,871,2022-12-06,2026-07-31,21,Kesehatan,Jasa & Peralatan Kesehatan
MMLP,1235,2021-06-16,2026-07-31,4,Properti & Real Estat,Properti & Real Estat
MNCN,1235,2021-06-16,2026-07-31,4,Barang Konsumen Non-Primer,Media & Hiburan
MOLI,1235,2021-06-16,2026-07-31,8,Barang Baku,Barang Baku
MORA,955,2022-08-08,2026-07-31,26,Infrastruktur,Telekomunikasi
MPIX,586,2024-02-07,2026-07-31,12,Teknologi,Perangkat Lunak & Jasa TI
MPMX,1235,2021-06-16,2026-07-31,78,Barang Konsumen Non-Primer,Perdagangan Ritel
MPOW,1235,2021-06-16,2026-07-31,11,Infrastruktur,Utilitas
MPPA,1235,2021-06-16,2026-07-31,4,Barang Konsumen Primer,Perdagangan Ritel Barang Primer
MPRO,1237,2021-06-16,2026-07-31,202,Properti & Real Estat,Properti & Real Estat
MPXL,770,2023-05-09,2026-07-31,8,Transportasi & Logistik,Logistik & Pengantaran
MRAT,1235,2021-06-16,2026-07-31,5,Barang Konsumen Primer,Produk Rumah Tangga Tidak Tahan Lama
MREI,1235,2021-06-16,2026-07-31,101,Keuangan,Asuransi
MSIE,711,2023-08-10,2026-07-31,23,Properti & Real Estat,Properti & Real Estat
MSIN,1235,2021-06-16,2026-07-31,16,Barang Konsumen Non-Primer,Media & Hiburan
MSJA,606,2024-01-10,2026-07-31,7,Barang Konsumen Primer,Produk Rumah Tangga Tidak Tahan Lama
MSKY,1235,2021-06-16,2026-07-31,7,Barang Konsumen Non-Primer,Media & Hiburan
MSTI,648,2023-11-08,2026-07-31,7,Teknologi,Perangkat Keras & Peralatan Teknologi
MTDL,1235,2021-06-16,2026-07-31,4,Teknologi,Perangkat Keras & Peralatan Teknologi
MTEL,1126,2021-11-22,2026-07-31,7,Infrastruktur,Telekomunikasi
MTFN,1235,2021-06-16,2026-07-31,564,Energi,"Minyak, Gas & Batu Bara"
MTLA,1235,2021-06-16,2026-07-31,4,Properti & Real Estat,Properti & Real Estat
MTMH,1024,2022-04-20,2026-07-31,8,Kesehatan,Jasa & Peralatan Kesehatan
MTPS,1238,2021-06-16,2026-07-31,240,Infrastruktur,Konstruksi Bangunan
MTRA,1,2026-07-17,2026-07-17,1,Infrastruktur,Konstruksi Bangunan
MTSM,1238,2021-06-16,2026-07-31,403,Properti & Real Estat,Properti & Real Estat
MTWI,1235,2021-06-16,2026-07-31,6,Keuangan,Asuransi
MUTU,711,2023-08-09,2026-07-31,7,Perindustrian,Jasa Perindustrian
MYOH,1235,2021-06-16,2026-07-31,5,Energi,"Minyak, Gas & Batu Bara"
MYOR,1235,2021-06-16,2026-07-31,4,Barang Konsumen Primer,Makanan & Minuman
MYTX,1235,2021-06-16,2026-07-31,368,Barang Konsumen Non-Primer,Pakaian & Barang Mewah
NAIK,406,2024-11-13,2026-07-31,5,Perindustrian,Jasa Perindustrian
NANO,1052,2022-03-10,2026-07-31,8,Barang Konsumen Primer,Produk Rumah Tangga Tidak Tahan Lama
NASA,1235,2021-06-16,2026-07-31,37,Properti & Real Estat,Properti & Real Estat
NASI,1111,2021-12-13,2026-07-31,16,Barang Konsumen Primer,Makanan & Minuman
NATO,1235,2021-06-16,2026-07-31,59,Barang Konsumen Non-Primer,Jasa Konsumen
NAYZ,827,2023-02-06,2026-07-31,25,Barang Konsumen Primer,Makanan & Minuman
NCKL,783,2023-04-12,2026-07-31,7,Barang Baku,Barang Baku
NELY,1235,2021-06-16,2026-07-31,4,Transportasi & Logistik,Logistik & Pengantaran
NEST,474,2024-08-08,2026-07-31,4,Barang Konsumen Primer,Makanan & Minuman
NETV,1080,2022-01-26,2026-07-31,9,Barang Konsumen Non-Primer,Media & Hiburan
NFCX,1235,2021-06-16,2026-07-31,9,Teknologi,Perangkat Lunak & Jasa TI
NICE,607,2024-01-09,2026-07-31,7,Barang Baku,Barang Baku
NICK,1235,2021-06-16,2026-07-31,37,Keuangan,Perusahaan Holding & Investasi
NICL,1218,2021-07-09,2026-07-31,16,Barang Baku,Barang Baku
NIKL,1235,2021-06-16,2026-07-31,10,Barang Baku,Barang Baku
NINE,871,2022-12-05,2026-07-31,121,Teknologi,Perangkat Keras & Peralatan Teknologi
NIRO,1235,2021-06-16,2026-07-31,82,Properti & Real Estat,Properti & Real Estat
NISP,1235,2021-06-16,2026-07-31,4,Keuangan,Bank
NOBU,1235,2021-06-16,2026-07-31,4,Keuangan,Bank
NPGF,1235,2021-06-16,2026-07-31,12,Barang Baku,Barang Baku
NRCA,1235,2021-06-16,2026-07-31,22,Infrastruktur,Konstruksi Bangunan
NSSS,803,2023-03-10,2026-07-31,55,Barang Konsumen Primer,Makanan & Minuman
NTBK,1071,2022-02-09,2026-07-31,40,Perindustrian,Barang Perindustrian
NUSA,1,2026-07-17,2026-07-17,1,Barang Konsumen Non-Primer,Jasa Konsumen
NZIA,1235,2021-06-16,2026-07-31,19,Properti & Real Estat,Properti & Real Estat
OASA,1235,2021-06-16,2026-07-31,75,Infrastruktur,Telekomunikasi
OBAT,368,2025-01-13,2026-07-31,4,Kesehatan,Farmasi & Riset Kesehatan
OBMD,1114,2021-12-08,2026-07-31,9,Barang Baku,Barang Baku
OCAP,1,2026-07-17,2026-07-17,1,Keuangan,Perusahaan Holding & Investasi
OILS,1180,2021-09-06,2026-07-31,8,Barang Konsumen Primer,Makanan & Minuman
OKAS,1235,2021-06-16,2026-07-31,4,Barang Baku,Barang Baku
OLIV,1012,2022-05-17,2026-07-31,22,Barang Konsumen Non-Primer,Barang Rumah Tangga
OMED,890,2022-11-08,2026-07-31,7,Kesehatan,Jasa & Peralatan Kesehatan
OMRE,1235,2021-06-16,2026-07-31,367,Properti & Real Estat,Properti & Real Estat
OPMS,1235,2021-06-16,2026-07-31,4,Barang Baku,Barang Baku
PACK,825,2023-02-08,2026-07-31,44,Barang Baku,Barang Baku
PADA,868,2022-12-08,2026-07-31,17,Perindustrian,Jasa Perindustrian
PADI,1235,2021-06-16,2026-07-31,107,Keuangan,Jasa Investasi
PALM,1235,2021-06-16,2026-07-31,5,Keuangan,Perusahaan Holding & Investasi
PAMG,1235,2021-06-16,2026-07-31,4,Properti & Real Estat,Properti & Real Estat
PANI,1235,2021-06-16,2026-07-31,28,Properti & Real Estat,Properti & Real Estat
PANR,1235,2021-06-16,2026-07-31,4,Barang Konsumen Non-Primer,Jasa Konsumen
PANS,1235,2021-06-16,2026-07-31,4,Keuangan,Jasa Investasi
PART,498,2024-07-05,2026-07-31,4,Barang Konsumen Non-Primer,Otomotif & Komponen Otomotif
PBID,1235,2021-06-16,2026-07-31,4,Barang Baku,Barang Baku
PBRX,1235,2021-06-16,2026-07-31,125,Barang Konsumen Non-Primer,Pakaian & Barang Mewah
PBSA,1235,2021-06-16,2026-07-31,56,Infrastruktur,Konstruksi Bangunan
PCAR,1235,2021-06-16,2026-07-31,25,Barang Konsumen Primer,Perdagangan Ritel Barang Primer
PDES,1235,2021-06-16,2026-07-31,19,Barang Konsumen Non-Primer,Jasa Konsumen
PDPP,889,2022-11-09,2026-07-31,7,Barang Baku,Barang Baku
PEGE,1235,2021-06-16,2026-07-31,15,Keuangan,Perusahaan Holding & Investasi
PEHA,1235,2021-06-16,2026-07-31,4,Kesehatan,Farmasi & Riset Kesehatan
PEVE,836,2023-01-24,2026-07-31,7,Kesehatan,Farmasi & Riset Kesehatan
PGAS,1235,2021-06-16,2026-07-31,4,Energi,"Minyak, Gas & Batu Bara"
PGEO,813,2023-02-24,2026-07-31,7,Infrastruktur,Utilitas
PGJO,1235,2021-06-16,2026-07-31,82,Teknologi,Perangkat Lunak & Jasa TI
PGLI,1235,2021-06-16,2026-07-31,15,Barang Konsumen Non-Primer,Jasa Konsumen
PGUN,1235,2021-06-16,2026-07-31,142,Barang Konsumen Primer,Makanan & Minuman
PICO,1235,2021-06-16,2026-07-31,5,Barang Baku,Barang Baku
PIPA,785,2023-04-10,2026-07-31,33,Perindustrian,Barang Perindustrian
PJAA,1235,2021-06-16,2026-07-31,4,Barang Konsumen Non-Primer,Jasa Konsumen
PJHB,176,2025-11-06,2026-07-31,4,Transportasi & Logistik,Logistik & Pengantaran
PKPK,1235,2021-06-16,2026-07-31,26,Energi,"Minyak, Gas & Batu Bara"
PLAN,1235,2021-06-16,2026-07-31,10,Barang Konsumen Non-Primer,Jasa Konsumen
PLAS,1,2026-07-17,2026-07-17,1,Keuangan,Perusahaan Holding & Investasi
PLIN,1238,2021-06-16,2026-07-31,597,Properti & Real Estat,Properti & Real Estat
PMJS,1235,2021-06-16,2026-07-31,4,Barang Konsumen Non-Primer,Perdagangan Ritel
PMMP,1238,2021-06-16,2026-07-31,274,Barang Konsumen Primer,Makanan & Minuman
PMUI,259,2025-07-10,2026-07-31,4,Barang Konsumen Non-Primer,Perdagangan Ritel
PNBN,1235,2021-06-16,2026-07-31,4,Keuangan,Bank
PNBS,1235,2021-06-16,2026-07-31,4,Keuangan,Bank
PNGO,1235,2021-06-16,2026-07-31,29,Barang Konsumen Primer,Makanan & Minuman
PNIN,1235,2021-06-16,2026-07-31,4,Keuangan,Asuransi
PNLF,1235,2021-06-16,2026-07-31,4,Keuangan,Asuransi
PNSE,1235,2021-06-16,2026-07-31,464,Barang Konsumen Non-Primer,Jasa Konsumen
POLA,1235,2021-06-16,2026-07-31,85,Keuangan,Jasa Pembiayaan
POLI,1235,2021-06-16,2026-07-31,280,Properti & Real Estat,Properti & Real Estat
POLL,1238,2021-06-16,2026-07-31,525,Properti & Real Estat,Properti & Real Estat
POLU,1235,2021-06-16,2026-07-31,237,Barang Konsumen Non-Primer,Pakaian & Barang Mewah
POLY,1238,2021-06-16,2026-07-31,190,Barang Konsumen Non-Primer,Pakaian & Barang Mewah
POOL,1,2026-07-17,2026-07-17,1,Keuangan,Perusahaan Holding & Investasi
PORT,1235,2021-06-16,2026-07-31,42,Infrastruktur,Infrastruktur Transportasi
POSA,1,2026-07-17,2026-07-17,1,Properti & Real Estat,Properti & Real Estat
POWR,1235,2021-06-16,2026-07-31,4,Infrastruktur,Utilitas
PPGL,1235,2021-06-16,2026-07-31,22,Transportasi & Logistik,Logistik & Pengantaran
PPRE,1235,2021-06-16,2026-07-31,4,Infrastruktur,Konstruksi Bangunan
PPRI,712,2023-08-08,2026-07-31,8,Barang Baku,Barang Baku
PPRO,1235,2021-06-16,2026-07-31,326,Properti & Real Estat,Properti & Real Estat
PRAY,890,2022-11-08,2026-07-31,7,Kesehatan,Jasa & Peralatan Kesehatan
PRDA,1235,2021-06-16,2026-07-31,4,Kesehatan,Jasa & Peralatan Kesehatan
PRIM,1235,2021-06-16,2026-07-31,4,Kesehatan,Jasa & Peralatan Kesehatan
PSAB,1235,2021-06-16,2026-07-31,5,Barang Baku,Barang Baku
PSAT,261,2025-07-08,2026-07-31,4,Energi,"Minyak, Gas & Batu Bara"
PSDN,1235,2021-06-16,2026-07-31,4,Barang Konsumen Primer,Makanan & Minuman
PSGO,1235,2021-06-16,2026-07-31,6,Barang Konsumen Primer,Makanan & Minuman
PSKT,1235,2021-06-16,2026-07-31,59,Barang Konsumen Non-Primer,Jasa Konsumen
PSSI,1235,2021-06-16,2026-07-31,4,Energi,"Minyak, Gas & Batu Bara"
PTBA,1235,2021-06-16,2026-07-31,4,Energi,"Minyak, Gas & Batu Bara"
PTDU,1238,2021-06-16,2026-07-31,243,Infrastruktur,Konstruksi Bangunan
PTIS,1235,2021-06-16,2026-07-31,18,Energi,"Minyak, Gas & Batu Bara"
PTMP,807,2023-03-06,2026-07-31,7,Perindustrian,Barang Perindustrian
PTMR,435,2024-10-08,2026-07-31,272,Barang Baku,Barang Baku
PTPP,1235,2021-06-16,2026-07-31,4,Infrastruktur,Konstruksi Bangunan
PTPS,670,2023-10-09,2026-07-31,14,Barang Konsumen Primer,Makanan & Minuman
PTPW,1235,2021-06-16,2026-07-31,7,Infrastruktur,Konstruksi Bangunan
PTRO,1235,2021-06-16,2026-07-31,5,Energi,"Minyak, Gas & Batu Bara"
PTSN,1235,2021-06-16,2026-07-31,4,Teknologi,Perangkat Keras & Peralatan Teknologi
PTSP,1235,2021-06-16,2026-07-31,221,Barang Konsumen Non-Primer,Jasa Konsumen
PUDP,1235,2021-06-16,2026-07-31,54,Properti & Real Estat,Properti & Real Estat
PURA,1235,2021-06-16,2026-07-31,27,Transportasi & Logistik,Logistik & Pengantaran
PURE,1,2026-07-17,2026-07-17,1,Barang Baku,Barang Baku
PURI,1235,2021-06-16,2026-07-31,24,Properti & Real Estat,Properti & Real Estat
PWON,1235,2021-06-16,2026-07-31,4,Properti & Real Estat,Properti & Real Estat
PYFA,1235,2021-06-16,2026-07-31,27,Kesehatan,Farmasi & Riset Kesehatan
PZZA,1235,2021-06-16,2026-07-31,4,Barang Konsumen Non-Primer,Jasa Konsumen
RAAM,771,2023-05-08,2026-07-31,7,Barang Konsumen Non-Primer,Media & Hiburan
RAFI,959,2022-08-05,2026-07-31,189,Barang Konsumen Non-Primer,Jasa Konsumen
RAJA,1238,2021-06-16,2026-07-31,9,Energi,"Minyak, Gas & Batu Bara"
RALS,1235,2021-06-16,2026-07-31,4,Barang Konsumen Non-Primer,Perdagangan Ritel
RANC,1235,2021-06-16,2026-07-31,14,Barang Konsumen Primer,Perdagangan Ritel Barang Primer
RATU,371,2025-01-08,2026-07-31,8,Energi,"Minyak, Gas & Batu Bara"
RBMS,1235,2021-06-16,2026-07-31,64,Properti & Real Estat,Properti & Real Estat
RCCC,959,2022-08-02,2026-07-31,8,Transportasi & Logistik,Logistik & Pengantaran
RDTX,1236,2021-06-16,2026-07-31,297,Properti & Real Estat,Properti & Real Estat
REAL,1235,2021-06-16,2026-07-31,27,Properti & Real Estat,Properti & Real Estat
RELF,741,2023-06-22,2026-07-31,7,Properti & Real Estat,Properti & Real Estat
RELI,1235,2021-06-16,2026-07-31,139,Keuangan,Jasa Investasi
RGAS,648,2023-11-08,2026-07-31,10,Energi,"Minyak, Gas & Batu Bara"
RICY,1235,2021-06-16,2026-07-31,4,Barang Konsumen Non-Primer,Pakaian & Barang Mewah
RIGS,1235,2021-06-16,2026-07-31,5,Energi,"Minyak, Gas & Batu Bara"
RIMO,1,2026-07-17,2026-07-17,1,Properti & Real Estat,Properti & Real Estat
RISE,1235,2021-06-16,2026-07-31,14,Properti & Real Estat,Properti & Real Estat
RLCO,154,2025-12-08,2026-07-31,14,Barang Konsumen Primer,Makanan & Minuman
RMKE,1118,2021-12-07,2026-07-31,23,Energi,"Minyak, Gas & Batu Bara"
RMKO,718,2023-07-31,2026-07-31,22,Energi,"Minyak, Gas & Batu Bara"
ROCK,1235,2021-06-16,2026-07-31,471,Properti & Real Estat,Properti & Real Estat
RODA,1235,2021-06-16,2026-07-31,23,Properti & Real Estat,Properti & Real Estat
RONY,1235,2021-06-16,2026-07-31,623,Infrastruktur,Konstruksi Bangunan
ROTI,1235,2021-06-16,2026-07-31,4,Barang Konsumen Primer,Makanan & Minuman
RSCH,699,2023-08-28,2026-07-31,7,Kesehatan,Jasa & Peralatan Kesehatan
RSGK,1178,2021-09-08,2026-07-31,300,Kesehatan,Jasa & Peralatan Kesehatan
RUIS,1235,2021-06-16,2026-07-31,5,Energi,"Minyak, Gas & Batu Bara"
RUNS,1178,2021-09-08,2026-07-31,7,Teknologi,Perangkat Lunak & Jasa TI
SAFE,1235,2021-06-16,2026-07-31,22,Transportasi & Logistik,Transportasi
SAGE,805,2023-03-08,2026-07-31,8,Properti & Real Estat,Properti & Real Estat
SAME,1235,2021-06-16,2026-07-31,4,Kesehatan,Jasa & Peralatan Kesehatan
SAMF,1235,2021-06-16,2026-07-31,4,Barang Baku,Barang Baku
SAPX,1235,2021-06-16,2026-07-31,40,Transportasi & Logistik,Logistik & Pengantaran
SATU,1235,2021-06-16,2026-07-31,46,Properti & Real Estat,Properti & Real Estat
SBAT,1238,2021-06-16,2026-07-31,585,Barang Konsumen Non-Primer,Pakaian & Barang Mewah
SBMA,1178,2021-09-08,2026-07-31,7,Barang Baku,Barang Baku
SCCO,1235,2021-06-16,2026-07-31,67,Perindustrian,Barang Perindustrian
SCMA,1235,2021-06-16,2026-07-31,4,Barang Konsumen Non-Primer,Media & Hiburan
SCNP,1235,2021-06-16,2026-07-31,28,Barang Konsumen Non-Primer,Barang Rumah Tangga
SCPI,1,2026-07-17,2026-07-17,1,Kesehatan,Farmasi & Riset Kesehatan
SDMU,1235,2021-06-16,2026-07-31,23,Transportasi & Logistik,Logistik & Pengantaran
SDPC,1235,2021-06-16,2026-07-31,6,Barang Konsumen Primer,Perdagangan Ritel Barang Primer
SDRA,1235,2021-06-16,2026-07-31,4,Keuangan,Bank
SEMA,1092,2022-01-10,2026-07-31,8,Energi,Energi Alternatif
SFAN,1235,2021-06-16,2026-07-31,4,Keuangan,Perusahaan Holding & Investasi
SGER,1235,2021-06-16,2026-07-31,5,Energi,"Minyak, Gas & Batu Bara"
SGRO,1235,2021-06-16,2026-07-31,4,Barang Konsumen Primer,Makanan & Minuman
SHID,1235,2021-06-16,2026-07-31,37,Barang Konsumen Non-Primer,Jasa Konsumen
SHIP,1236,2021-06-16,2026-07-31,36,Energi,"Minyak, Gas & Batu Bara"
SICO,1031,2022-04-08,2026-07-31,7,Energi,"Minyak, Gas & Batu Bara"
SIDO,1235,2021-06-16,2026-07-31,4,Kesehatan,Farmasi & Riset Kesehatan
SILO,1235,2021-06-16,2026-07-31,4,Kesehatan,Jasa & Peralatan Kesehatan
SIMA,1,2026-07-17,2026-07-17,1,Barang Baku,Barang Baku
SIMP,1235,2021-06-16,2026-07-31,4,Barang Konsumen Primer,Makanan & Minuman
SINI,1235,2021-06-16,2026-07-31,78,Perindustrian,Barang Perindustrian
SIPD,1235,2021-06-16,2026-07-31,118,Barang Konsumen Primer,Makanan & Minuman
SKBM,1235,2021-06-16,2026-07-31,31,Barang Konsumen Primer,Makanan & Minuman
SKLT,1235,2021-06-16,2026-07-31,129,Barang Konsumen Primer,Makanan & Minuman
SKRN,1235,2021-06-16,2026-07-31,5,Perindustrian,Barang Perindustrian
SKYB,1,2026-07-17,2026-07-17,1,Teknologi,Perangkat Lunak & Jasa TI
SLIS,1235,2021-06-16,2026-07-31,7,Barang Konsumen Non-Primer,Perdagangan Ritel
SMAR,1235,2021-06-16,2026-07-31,6,Barang Konsumen Primer,Makanan & Minuman
SMBR,1235,2021-06-16,2026-07-31,4,Barang Baku,Barang Baku
SMCB,1238,2021-06-16,2026-07-31,368,Barang Baku,Barang Baku
SMDM,1235,2021-06-16,2026-07-31,21,Properti & Real Estat,Properti & Real Estat
SMDR,1235,2021-06-16,2026-07-31,5,Transportasi & Logistik,Logistik & Pengantaran
SMGA,592,2024-01-30,2026-07-31,6,Barang Baku,Barang Baku
SMGR,1235,2021-06-16,2026-07-31,4,Barang Baku,Barang Baku
SMIL,767,2023-05-12,2026-07-31,8,Perindustrian,Barang Perindustrian
SMKL,1235,2021-06-16,2026-07-31,4,Barang Baku,Barang Baku
SMKM,1053,2022-03-09,2026-07-31,39,Infrastruktur,Konstruksi Bangunan
SMLE,606,2024-01-10,2026-07-31,15,Barang Baku,Barang Baku
SMMA,1235,2021-06-16,2026-07-31,330,Keuangan,Perusahaan Holding & Investasi
SMMT,1235,2021-06-16,2026-07-31,23,Energi,"Minyak, Gas & Batu Bara"
SMRA,1235,2021-06-16,2026-07-31,4,Properti & Real Estat,Properti & Real Estat
SMRU,1,2026-07-17,2026-07-17,1,Energi,"Minyak, Gas & Batu Bara"
SMSM,1235,2021-06-16,2026-07-31,4,Barang Konsumen Non-Primer,Otomotif & Komponen Otomotif
SNLK,1235,2021-06-16,2026-07-31,7,Barang Konsumen Non-Primer,Jasa Konsumen
SOCI,1235,2021-06-16,2026-07-31,11,Energi,"Minyak, Gas & Batu Bara"
SOFA,1235,2021-06-16,2026-07-31,17,Barang Konsumen Non-Primer,Barang Rumah Tangga
SOHO,1235,2021-06-16,2026-07-31,109,Kesehatan,Farmasi & Riset Kesehatan
SOLA,534,2024-05-08,2026-07-31,18,Barang Baku,Barang Baku
SONA,1235,2021-06-16,2026-07-31,502,Barang Konsumen Non-Primer,Perdagangan Ritel
SOSS,1236,2021-06-16,2026-07-31,61,Perindustrian,Jasa Perindustrian
SOTS,1235,2021-06-16,2026-07-31,111,Barang Konsumen Non-Primer,Jasa Konsumen
SOUL,847,2023-01-06,2026-07-31,31,Barang Konsumen Primer,Makanan & Minuman
SPMA,1238,2021-06-16,2026-07-31,7,Barang Baku,Barang Baku
SPRE,500,2024-07-03,2026-07-31,15,Barang Konsumen Non-Primer,Pakaian & Barang Mewah
SPTO,1235,2021-06-16,2026-07-31,4,Perindustrian,Barang Perindustrian
SQMI,1235,2021-06-16,2026-07-31,165,Barang Baku,Barang Baku
SRAJ,1235,2021-06-16,2026-07-31,93,Kesehatan,Jasa & Peralatan Kesehatan
SRIL,1,2026-07-17,2026-07-17,1,Barang Konsumen Non-Primer,Pakaian & Barang Mewah
SRSN,1235,2021-06-16,2026-07-31,6,Barang Baku,Barang Baku
SRTG,1235,2021-06-16,2026-07-31,4,Keuangan,Perusahaan Holding & Investasi
SSIA,1235,2021-06-16,2026-07-31,4,Infrastruktur,Konstruksi Bangunan
SSMS,1235,2021-06-16,2026-07-31,5,Barang Konsumen Primer,Makanan & Minuman
SSTM,1235,2021-06-16,2026-07-31,450,Barang Konsumen Non-Primer,Pakaian & Barang Mewah
STAA,1052,2022-03-10,2026-07-31,7,Barang Konsumen Primer,Makanan & Minuman
STAR,1235,2021-06-16,2026-07-31,85,Keuangan,Perusahaan Holding & Investasi
STRK,669,2023-10-10,2026-07-31,16,Barang Konsumen Primer,Makanan & Minuman
STTP,1235,2021-06-16,2026-07-31,181,Barang Konsumen Primer,Makanan & Minuman
SUGI,1,2026-07-17,2026-07-17,1,Energi,"Minyak, Gas & Batu Bara"
SULI,1235,2021-06-16,2026-07-31,13,Barang Baku,Barang Baku
SUNI,846,2023-01-09,2026-07-31,7,Energi,"Minyak, Gas & Batu Bara"
SUPA,147,2025-12-17,2026-07-31,4,Keuangan,Bank
SUPR,1238,2021-06-16,2026-07-31,1008,Infrastruktur,Telekomunikasi
SURE,1235,2021-06-16,2026-07-31,397,Energi,"Minyak, Gas & Batu Bara"
SURI,627,2023-12-07,2026-07-31,8,Kesehatan,Jasa & Peralatan Kesehatan
SWAT,1238,2021-06-16,2026-07-31,325,Barang Baku,Barang Baku
SWID,977,2022-07-07,2026-07-31,7,Barang Konsumen Non-Primer,Jasa Konsumen
TALF,1235,2021-06-16,2026-07-31,165,Barang Baku,Barang Baku
TAMA,1235,2021-06-16,2026-07-31,80,Infrastruktur,Konstruksi Bangunan
TAMU,1235,2021-06-16,2026-07-31,185,Energi,"Minyak, Gas & Batu Bara"
TAPG,1235,2021-06-16,2026-07-31,8,Barang Konsumen Primer,Makanan & Minuman
TARA,1235,2021-06-16,2026-07-31,124,Properti & Real Estat,Properti & Real Estat
TAXI,1235,2021-06-16,2026-07-31,220,Transportasi & Logistik,Transportasi
TAYS,1116,2021-12-06,2026-07-31,44,Barang Konsumen Primer,Makanan & Minuman
TBIG,1235,2021-06-16,2026-07-31,4,Infrastruktur,Telekomunikasi
TBLA,1235,2021-06-16,2026-07-31,4,Barang Konsumen Primer,Makanan & Minuman
TBMS,1235,2021-06-16,2026-07-31,30,Barang Baku,Barang Baku
TCID,1235,2021-06-16,2026-07-31,53,Barang Konsumen Primer,Produk Rumah Tangga Tidak Tahan Lama
TCPI,1235,2021-06-16,2026-07-31,25,Energi,"Minyak, Gas & Batu Bara"
TDPM,1,2026-07-17,2026-07-17,1,Barang Baku,Barang Baku
TEBE,1235,2021-06-16,2026-07-31,14,Energi,"Minyak, Gas & Batu Bara"
TECH,1,2026-07-17,2026-07-17,1,Teknologi,Perangkat Lunak & Jasa TI
TELE,1238,2021-06-16,2026-07-31,802,Barang Konsumen Non-Primer,Perdagangan Ritel
TFAS,1235,2021-06-16,2026-07-31,17,Teknologi,Perangkat Lunak & Jasa TI
TFCO,1236,2021-06-16,2026-07-31,798,Barang Konsumen Non-Primer,Pakaian & Barang Mewah
TGKA,1235,2021-06-16,2026-07-31,153,Barang Konsumen Primer,Makanan & Minuman
TGRA,1238,2021-06-16,2026-07-31,285,Infrastruktur,Utilitas
TGUK,735,2023-07-10,2026-07-31,294,Barang Konsumen Primer,Makanan & Minuman
TIFA,1235,2021-06-16,2026-07-31,353,Keuangan,Jasa Pembiayaan
TINS,1235,2021-06-16,2026-07-31,13,Barang Baku,Barang Baku
TIRA,1235,2021-06-16,2026-07-31,84,Perindustrian,Jasa Perindustrian
TIRT,1235,2021-06-16,2026-07-31,356,Barang Baku,Barang Baku
TKIM,1235,2021-06-16,2026-07-31,4,Barang Baku,Barang Baku
TLDN,1029,2022-04-12,2026-07-31,7,Barang Konsumen Primer,Makanan & Minuman
TLKM,1235,2021-06-16,2026-07-31,4,Infrastruktur,Telekomunikasi
TMAS,1235,2021-06-16,2026-07-31,13,Transportasi & Logistik,Logistik & Pengantaran
TMPO,1235,2021-06-16,2026-07-31,14,Barang Konsumen Non-Primer,Media & Hiburan
TNCA,1235,2021-06-16,2026-07-31,29,Transportasi & Logistik,Logistik & Pengantaran
TOBA,1235,2021-06-16,2026-07-31,6,Energi,"Minyak, Gas & Batu Bara"
TOOL,954,2022-08-09,2026-07-31,7,Barang Konsumen Non-Primer,Perdagangan Ritel
TOPS,1238,2021-06-16,2026-07-31,566,Infrastruktur,Konstruksi Bangunan
TOSK,586,2024-02-07,2026-07-31,6,Teknologi,Perangkat Lunak & Jasa TI
TOTL,1235,2021-06-16,2026-07-31,4,Infrastruktur,Konstruksi Bangunan
TOTO,1235,2021-06-16,2026-07-31,5,Perindustrian,Barang Perindustrian
TOWR,1235,2021-06-16,2026-07-31,4,Infrastruktur,Telekomunikasi
TOYS,1238,2021-06-16,2026-07-31,525,Barang Konsumen Non-Primer,Barang Rekreasi
TPIA,1235,2021-06-16,2026-07-31,5,Barang Baku,Barang Baku
TPMA,1235,2021-06-16,2026-07-31,10,Energi,"Minyak, Gas & Batu Bara"
TRAM,1,2026-07-17,2026-07-17,1,Energi,"Minyak, Gas & Batu Bara"
TRGU,976,2022-07-08,2026-07-31,7,Barang Konsumen Primer,Makanan & Minuman
TRIL,1,2026-07-17,2026-07-17,1,Perindustrian,Jasa Perindustrian
TRIM,1235,2021-06-16,2026-07-31,4,Keuangan,Jasa Investasi
TRIN,1235,2021-06-16,2026-07-31,18,Properti & Real Estat,Properti & Real Estat
TRIO,1,2026-07-17,2026-07-17,1,Barang Konsumen Non-Primer,Perdagangan Ritel
TRIS,1235,2021-06-16,2026-07-31,4,Barang Konsumen Non-Primer,Pakaian & Barang Mewah
TRJA,1235,2021-06-16,2026-07-31,4,Transportasi & Logistik,Transportasi
TRON,805,2023-03-08,2026-07-31,14,Teknologi,Perangkat Lunak & Jasa TI
TRST,1235,2021-06-16,2026-07-31,82,Barang Baku,Barang Baku
TRUE,1235,2021-06-16,2026-07-31,80,Properti & Real Estat,Properti & Real Estat
TRUK,1235,2021-06-16,2026-07-31,12,Transportasi & Logistik,Logistik & Pengantaran
TRUS,1235,2021-06-16,2026-07-31,37,Keuangan,Jasa Pembiayaan
TSPC,1235,2021-06-16,2026-07-31,4,Kesehatan,Farmasi & Riset Kesehatan
TUGU,1235,2021-06-16,2026-07-31,4,Keuangan,Asuransi
TYRE,771,2023-05-08,2026-07-31,7,Barang Konsumen Non-Primer,Otomotif & Komponen Otomotif
UANG,1235,2021-06-16,2026-07-31,107,Properti & Real Estat,Properti & Real Estat
UCID,1235,2021-06-16,2026-07-31,4,Barang Konsumen Primer,Produk Rumah Tangga Tidak Tahan Lama
UDNG,654,2023-10-31,2026-07-31,53,Barang Konsumen Primer,Makanan & Minuman
UFOE,1235,2021-06-16,2026-07-31,9,Barang Konsumen Non-Primer,Perdagangan Ritel
ULTJ,1235,2021-06-16,2026-07-31,4,Barang Konsumen Primer,Makanan & Minuman
UNIC,1235,2021-06-16,2026-07-31,47,Barang Baku,Barang Baku
UNIQ,1235,2021-06-16,2026-07-31,23,Energi,"Minyak, Gas & Batu Bara"
UNIT,1,2026-07-17,2026-07-17,1,Barang Konsumen Non-Primer,Pakaian & Barang Mewah
UNSP,1235,2021-06-16,2026-07-31,43,Barang Konsumen Primer,Makanan & Minuman
UNTD,586,2024-02-07,2026-07-31,6,Barang Konsumen Non-Primer,Barang Rekreasi
UNTR,1235,2021-06-16,2026-07-31,4,Perindustrian,Barang Perindustrian
UNVR,1235,2021-06-16,2026-07-31,5,Barang Konsumen Primer,Produk Rumah Tangga Tidak Tahan Lama
URBN,1235,2021-06-16,2026-07-31,20,Properti & Real Estat,Properti & Real Estat
UVCR,1207,2021-07-27,2026-07-31,8,Teknologi,Perangkat Lunak & Jasa TI
VAST,825,2023-02-08,2026-07-31,7,Properti & Real Estat,Properti & Real Estat
VERN,432,2024-10-08,2026-07-31,4,Barang Konsumen Non-Primer,Media & Hiburan
VICI,1235,2021-06-16,2026-07-31,8,Barang Konsumen Primer,Produk Rumah Tangga Tidak Tahan Lama
VICO,1235,2021-06-16,2026-07-31,4,Keuangan,Perusahaan Holding & Investasi
VINS,1235,2021-06-16,2026-07-31,4,Keuangan,Asuransi
VISI,575,2024-02-27,2026-07-31,18,Perindustrian,Jasa Perindustrian
VIVA,1235,2021-06-16,2026-07-31,228,Barang Konsumen Non-Primer,Media & Hiburan
VKTR,744,2023-06-19,2026-07-31,15,Barang Konsumen Non-Primer,Otomotif & Komponen Otomotif
VOKS,1235,2021-06-16,2026-07-31,8,Perindustrian,Barang Perindustrian
VRNA,1235,2021-06-16,2026-07-31,4,Keuangan,Jasa Pembiayaan
VTNY,863,2022-12-15,2026-07-31,7,Keuangan,Jasa Pembiayaan
WAPO,1235,2021-06-16,2026-07-31,7,Barang Konsumen Primer,Makanan & Minuman
WBSA,79,2026-04-10,2026-07-31,12,Transportasi & Logistik,Logistik & Pengantaran
WEGE,1234,2021-06-16,2026-07-30,4,Infrastruktur,Konstruksi Bangunan
WEHA,1235,2021-06-16,2026-07-31,5,Transportasi & Logistik,Transportasi
WGSH,1116,2021-12-06,2026-07-31,8,Teknologi,Perangkat Lunak & Jasa TI
WICO,1238,2021-06-16,2026-07-31,800,Barang Konsumen Primer,Perdagangan Ritel Barang Primer
WIDI,732,2023-07-10,2026-07-31,17,Perindustrian,Barang Perindustrian
WIFI,1235,2021-06-16,2026-07-31,11,Teknologi,Perangkat Lunak & Jasa TI
WIIM,1235,2021-06-16,2026-07-31,4,Barang Konsumen Primer,Rokok
WIKA,1238,2021-06-16,2026-07-31,429,Infrastruktur,Konstruksi Bangunan
WINE,845,2023-01-10,2026-07-31,7,Barang Konsumen Primer,Makanan & Minuman
WINR,1021,2022-04-25,2026-07-31,7,Properti & Real Estat,Properti & Real Estat
WINS,1236,2021-06-16,2026-07-31,5,Energi,"Minyak, Gas & Batu Bara"
WIRG,1035,2022-04-04,2026-07-31,8,Teknologi,Perangkat Lunak & Jasa TI
WMPP,1116,2021-12-06,2026-07-31,443,Barang Konsumen Primer,Makanan & Minuman
WMUU,1235,2021-06-16,2026-07-31,93,Barang Konsumen Primer,Makanan & Minuman
WOMF,1235,2021-06-16,2026-07-31,4,Keuangan,Jasa Pembiayaan
WOOD,1235,2021-06-16,2026-07-31,4,Barang Konsumen Non-Primer,Barang Rumah Tangga
WOWS,1235,2021-06-16,2026-07-31,103,Energi,"Minyak, Gas & Batu Bara"
WSBP,1235,2021-06-16,2026-07-31,306,Barang Baku,Barang Baku
WSKT,1,2026-07-17,2026-07-17,1,Infrastruktur,Konstruksi Bangunan
WTON,1235,2021-06-16,2026-07-31,4,Barang Baku,Barang Baku
YELO,1235,2021-06-16,2026-07-31,23,Barang Konsumen Non-Primer,Perdagangan Ritel
YOII,371,2025-01-08,2026-07-31,4,Keuangan,Asuransi
YPAS,1235,2021-06-16,2026-07-31,298,Barang Baku,Barang Baku
YULE,1235,2021-06-16,2026-07-31,288,Keuangan,Jasa Investasi
YUPI,320,2025-03-25,2026-07-31,4,Barang Konsumen Primer,Makanan & Minuman
ZATA,888,2022-11-10,2026-07-31,34,Barang Konsumen Non-Primer,Perdagangan Ritel
ZBRA,1238,2021-06-16,2026-07-31,274,Perindustrian,Perusahaan Holding Multi Sektor
ZINC,1238,2021-06-16,2026-07-31,157,Barang Baku,Barang Baku
ZONE,1234,2021-06-16,2026-07-30,5,Barang Konsumen Non-Primer,Perdagangan Ritel
ZYRX,1235,2021-06-16,2026-07-31,7,Teknologi,Perangkat Keras & Peralatan Teknologi
